Short Name,Short Name,Long Name,Longitude,Latitude,Altitude,Organization,Web URL,Contact,Waterbody Type,Publisher,Data Status,URN org part,URN suborg part
01367693,01367693,Franklin Pond Creek off State Hwy 23 In School Parking Lot,-74.579586,41.103145,170.93,NJDEP - Freshwater & Biological Monitoring,www.state.nj.us/dep/wms/bfbm/,Mike.Kusmiesz@dep.nj.gov,River/Stream,NJ DEP,Raw,njdep,bfbm
01367726,01367726,Hamburg Creek on Hamburg Tnpk,-74.571172,41.137729,174.33,NJDEP - Freshwater & Biological Monitoring,www.state.nj.us/dep/wms/bfbm/,Mike.Kusmiesz@dep.nj.gov,River/Stream,NJ DEP,Raw,njdep,bfbm
01382170,01382170,Pequannock R Rt 23 North Bridge 1605-174/2557,-74.489083,41.078055,266.78,NJDEP - Freshwater & Biological Monitoring,www.state.nj.us/dep/wms/bfbm/,Mike.Kusmiesz@dep.nj.gov,River/Stream,NJ DEP,Raw,njdep,bfbm
01390600,01390600,Hohokus Brook at Franklin Lakes NJ,-74.194899,41.01671,114.55,NJDEP - Freshwater & Biological Monitoring,www.state.nj.us/dep/wms/bfbm/,Mike.Kusmiesz@dep.nj.gov,River/Stream,NJ DEP,Raw,njdep,bfbm
01390700,01390700,Hohokus Brook at Wykoff NJ,-74.167728,41.023783,92.65,NJDEP - Freshwater & Biological Monitoring,www.state.nj.us/dep/wms/bfbm/,Mike.Kusmiesz@dep.nj.gov,River/Stream,NJ DEP,Raw,njdep,bfbm
01390800,01390800,Valentine Bk at Allendale NJ,-74.152478,41.031545,92.80,NJDEP - Freshwater & Biological Monitoring,www.state.nj.us/dep/wms/bfbm/,Mike.Kusmiesz@dep.nj.gov,River/Stream,NJ DEP,Raw,njdep,bfbm
01396121,01396121,South Br Raritan R,-74.722196,40.827991,200.98,NJDEP - Freshwater & Biological Monitoring,www.state.nj.us/dep/wms/bfbm/,Mike.Kusmiesz@dep.nj.gov,River/Stream,NJ DEP,Raw,njdep,bfbm
01396270,01396270,S Br Raritan R Rt 517,-74.781377,40.785094,157.59,NJDEP - Freshwater & Biological Monitoring,www.state.nj.us/dep/wms/bfbm/,Mike.Kusmiesz@dep.nj.gov,River/Stream,NJ DEP,Raw,njdep,bfbm
01396588,01396588,Spruce Run on Van Syckel Corner Road near High Bridge,-74.91713,40.67389,82.42,NJDEP - Freshwater & Biological Monitoring,www.state.nj.us/dep/wms/bfbm/,Mike.Kusmiesz@dep.nj.gov,River/Stream,NJ DEP,Raw,njdep,bfbm
01396660,01396660,,-74.968801,40.64747,86.12,NJDEP - Freshwater & Biological Monitoring,www.state.nj.us/dep/wms/bfbm/,Mike.Kusmiesz@dep.nj.gov,River/Stream,NJ DEP,Raw,njdep,bfbm
01396800,01396800,Spruce Run In Spruce Run Reservoir at Spruce Run,-74.91553,40.64007,60.19,NJDEP - Freshwater & Biological Monitoring,www.state.nj.us/dep/wms/bfbm/,Mike.Kusmiesz@dep.nj.gov,River/Stream,NJ DEP,Raw,njdep,bfbm
01396815,01396815,Beaver Brook at Leigh St In Town of Clinton,-74.909761,40.636241,56.10,NJDEP - Freshwater & Biological Monitoring,www.state.nj.us/dep/wms/bfbm/,Mike.Kusmiesz@dep.nj.gov,River/Stream,NJ DEP,Raw,njdep,bfbm
01396900,01396900,Cakepoulin Creek at Lansdown Rd near Lansdown,-74.9158,40.60782,55.09,NJDEP - Freshwater & Biological Monitoring,www.state.nj.us/dep/wms/bfbm/,Mike.Kusmiesz@dep.nj.gov,River/Stream,NJ DEP,Raw,njdep,bfbm
01397400,01397400,S Br Raritan River on Main Street In Three Bridges,-74.80221,40.51711,27.52,NJDEP - Freshwater & Biological Monitoring,www.state.nj.us/dep/wms/bfbm/,Mike.Kusmiesz@dep.nj.gov,River/Stream,NJ DEP,Raw,njdep,bfbm
01398000,01398000,Neshanic River at Reaville,-74.8276,40.47343,36.27,NJDEP - Freshwater & Biological Monitoring,www.state.nj.us/dep/wms/bfbm/,Mike.Kusmiesz@dep.nj.gov,River/Stream,NJ DEP,Raw,njdep,bfbm
01398065,01398065,Neshanic R Rt 514 (Old York Highway),-74.753305,40.493472,21.94,NJDEP - Freshwater & Biological Monitoring,www.state.nj.us/dep/wms/bfbm/,Mike.Kusmiesz@dep.nj.gov,River/Stream,NJ DEP,Raw,njdep,bfbm
01398102,01398102,S Br Raritan River at South Branch,-74.6965,40.54685,15.08,NJDEP - Freshwater & Biological Monitoring,www.state.nj.us/dep/wms/bfbm/,Mike.Kusmiesz@dep.nj.gov,River/Stream,NJ DEP,Raw,njdep,bfbm
01398360,01398360,Burnett Bk near Chester NJ,-74.645017,40.782469,139.41,NJDEP - Freshwater & Biological Monitoring,www.state.nj.us/dep/wms/bfbm/,Mike.Kusmiesz@dep.nj.gov,River/Stream,NJ DEP,Raw,njdep,bfbm
01399120,01399120,N Br Raritan River on Burnt Mills Road In Burnt Mills,-74.68203,40.6358,25.21,NJDEP - Freshwater & Biological Monitoring,www.state.nj.us/dep/wms/bfbm/,Mike.Kusmiesz@dep.nj.gov,River/Stream,NJ DEP,Raw,njdep,bfbm
01399550,01399550,Lamington River at River Rd W In Readington,-74.727038,40.633976,30.38,NJDEP - Freshwater & Biological Monitoring,www.state.nj.us/dep/wms/bfbm/,Mike.Kusmiesz@dep.nj.gov,River/Stream,NJ DEP,Raw,njdep,bfbm
01399565,01399565,Rockaway Creek,-74.810938,40.689989,122.87,NJDEP - Freshwater & Biological Monitoring,www.state.nj.us/dep/wms/bfbm/,Mike.Kusmiesz@dep.nj.gov,River/Stream,NJ DEP,Raw,njdep,bfbm
01399780,01399780,Lamington River at Burnt Mills,-74.6867,40.63466,23.25,NJDEP - Freshwater & Biological Monitoring,www.state.nj.us/dep/wms/bfbm/,Mike.Kusmiesz@dep.nj.gov,River/Stream,NJ DEP,Raw,njdep,bfbm
01399820,01399820,Chambers Bk near North Branch,-74.663032,40.623939,24.72,NJDEP - Freshwater & Biological Monitoring,www.state.nj.us/dep/wms/bfbm/,Mike.Kusmiesz@dep.nj.gov,River/Stream,NJ DEP,Raw,njdep,bfbm
01400000,01400000,N Br Raritan River near Raritan,-74.6782,40.56972,15.31,NJDEP - Freshwater & Biological Monitoring,www.state.nj.us/dep/wms/bfbm/,Mike.Kusmiesz@dep.nj.gov,River/Stream,NJ DEP,Raw,njdep,bfbm
01400775,01400775,Bear Brook at Rt 535 near Locust Corner,-74.577222,40.278056,24.61,NJDEP - Freshwater & Biological Monitoring,www.state.nj.us/dep/wms/bfbm/,Mike.Kusmiesz@dep.nj.gov,River/Stream,NJ DEP,Raw,njdep,bfbm
01400870,01400870,Stony Brook Trib 3 near Hopewell,-74.801667,40.403333,115.37,NJDEP - Freshwater & Biological Monitoring,www.state.nj.us/dep/wms/bfbm/,Mike.Kusmiesz@dep.nj.gov,River/Stream,NJ DEP,Raw,njdep,bfbm
01401400,01401400,Heathcote Brook at Kingston,-74.6158,40.36998,15.65,NJDEP - Freshwater & Biological Monitoring,www.state.nj.us/dep/wms/bfbm/,Mike.Kusmiesz@dep.nj.gov,River/Stream,NJ DEP,Raw,njdep,bfbm
01401500,01401500,Millstone River near Kingston NJ,-74.62306,40.38444,13.80,NJDEP - Freshwater & Biological Monitoring,www.state.nj.us/dep/wms/bfbm/,Mike.Kusmiesz@dep.nj.gov,River/Stream,NJ DEP,Raw,njdep,bfbm
01403075,01403075,Middle Brook E Br on Green Valley Rd,-74.496514,40.613228,77.73,NJDEP - Freshwater & Biological Monitoring,www.state.nj.us/dep/wms/bfbm/,Mike.Kusmiesz@dep.nj.gov,River/Stream,NJ DEP,Raw,njdep,bfbm
01408100,01408100,N Br Metedeconk River at Lakewood,-74.2189,40.11007,14.06,NJDEP - Freshwater & Biological Monitoring,www.state.nj.us/dep/wms/bfbm/,Mike.Kusmiesz@dep.nj.gov,River/Stream,NJ DEP,Raw,njdep,bfbm
01409815,01409815,W Br Wading River at Maxwell,-74.540798,39.67511,4.25,NJDEP - Freshwater & Biological Monitoring,www.state.nj.us/dep/wms/bfbm/,Mike.Kusmiesz@dep.nj.gov,River/Stream,NJ DEP,Raw,njdep,bfbm
01438399,01438399,"Shimers Brook on  Rt 521, Millville Road",-74.778736,41.31298,147.02,NJDEP - Freshwater & Biological Monitoring,www.state.nj.us/dep/wms/bfbm/,Mike.Kusmiesz@dep.nj.gov,River/Stream,NJ DEP,Raw,njdep,bfbm
01442760,01442760,Dunnfield Creek at Dunnfield,-75.1268,40.97101,97.60,NJDEP - Freshwater & Biological Monitoring,www.state.nj.us/dep/wms/bfbm/,Mike.Kusmiesz@dep.nj.gov,River/Stream,NJ DEP,Raw,njdep,bfbm
01455350,01455350,Weldon Brook on East Shawnee Trail,-74.587743,40.981261,284.94,NJDEP - Freshwater & Biological Monitoring,www.state.nj.us/dep/wms/bfbm/,Mike.Kusmiesz@dep.nj.gov,River/Stream,NJ DEP,Raw,njdep,bfbm
01460860,01460860,Lockatong Creek at Route 12 at Baptistown NJ,-74.991898,40.516944,146.33,NJDEP - Freshwater & Biological Monitoring,www.state.nj.us/dep/wms/bfbm/,Mike.Kusmiesz@dep.nj.gov,River/Stream,NJ DEP,Raw,njdep,bfbm
01460870,01460870,Lockatong Ck at Kingwood,-75.021152,40.471258,136.92,NJDEP - Freshwater & Biological Monitoring,www.state.nj.us/dep/wms/bfbm/,Mike.Kusmiesz@dep.nj.gov,River/Stream,NJ DEP,Raw,njdep,bfbm
01461300,01461300,Wichecheoke Creek at Stockton,-74.98643,40.41148,21.58,NJDEP - Freshwater & Biological Monitoring,www.state.nj.us/dep/wms/bfbm/,Mike.Kusmiesz@dep.nj.gov,River/Stream,NJ DEP,Raw,njdep,bfbm
01461900,01461900,Alexauken C Nr Lambertville NJ,-74.947961,40.3806,17.18,NJDEP - Freshwater & Biological Monitoring,www.state.nj.us/dep/wms/bfbm/,Mike.Kusmiesz@dep.nj.gov,River/Stream,NJ DEP,Raw,njdep,bfbm
01465850,01465850,Sb Rancocas Ck at Vincentown NJ,-74.7631,39.9402,3.90,NJDEP - Freshwater & Biological Monitoring,www.state.nj.us/dep/wms/bfbm/,Mike.Kusmiesz@dep.nj.gov,River/Stream,NJ DEP,Raw,njdep,bfbm
01466000,01466000,Middle Br Mount Misery Bk at Mount Misery,-74.508638,39.916655,0.21,NJDEP - Freshwater & Biological Monitoring,www.state.nj.us/dep/wms/bfbm/,Mike.Kusmiesz@dep.nj.gov,River/Stream,NJ DEP,Raw,njdep,bfbm
abchan,ABCHAN,Absecon Channel,-74.42611,39.3874999,0.00,NJDEP - Marine Water Monitoring,http://www.nj.gov/dep/bmw/,Leigh.Lager@dep.nj.gov,Estuary,NJ DEP,Raw,njdep,bmw
an0027,AN0027,Blair Ck Rt 94 Bridge 2117-159/909,-74.959833,40.981888,102.20,NJDEP - Freshwater & Biological Monitoring,www.state.nj.us/dep/wms/bfbm/,Mike.Kusmiesz@dep.nj.gov,River/Stream,NJ DEP,Raw,njdep,bfbm
an0033,AN0033,Delawana Ck Rt 46,-75.072027,40.898,85.33,NJDEP - Freshwater & Biological Monitoring,www.state.nj.us/dep/wms/bfbm/,Mike.Kusmiesz@dep.nj.gov,River/Stream,NJ DEP,Raw,njdep,bfbm
an0065,AN0065,Lubbers Run Rt 607,-74.6745,40.96425,239.03,NJDEP - Freshwater & Biological Monitoring,www.state.nj.us/dep/wms/bfbm/,Mike.Kusmiesz@dep.nj.gov,River/Stream,NJ DEP,Raw,njdep,bfbm
an0093,AN0093,Plum Bk Pine Hill Rd,-74.967789,40.461926,86.76,NJDEP - Freshwater & Biological Monitoring,www.state.nj.us/dep/wms/bfbm/,Mike.Kusmiesz@dep.nj.gov,River/Stream,NJ DEP,Raw,njdep,bfbm
an0260,AN0260,Clinton Bk Clinton Rd,-74.434378,41.106934,317.21,NJDEP - Freshwater & Biological Monitoring,www.state.nj.us/dep/wms/bfbm/,Mike.Kusmiesz@dep.nj.gov,River/Stream,NJ DEP,Raw,njdep,bfbm
an0262,AN0262,Kanouse Bk Knouse Rd,-74.429585,41.047433,228.75,NJDEP - Freshwater & Biological Monitoring,www.state.nj.us/dep/wms/bfbm/,Mike.Kusmiesz@dep.nj.gov,River/Stream,NJ DEP,Raw,njdep,bfbm
an0308,AN0308,Clove Bk Rose Marrow Ave,-74.623805,41.261527,154.66,NJDEP - Freshwater & Biological Monitoring,www.state.nj.us/dep/wms/bfbm/,Mike.Kusmiesz@dep.nj.gov,River/Stream,NJ DEP,Raw,njdep,bfbm
an0311,AN0311,Drakes Bk Emmans Rd,-74.678305,40.856083,218.30,NJDEP - Freshwater & Biological Monitoring,www.state.nj.us/dep/wms/bfbm/,Mike.Kusmiesz@dep.nj.gov,River/Stream,NJ DEP,Raw,njdep,bfbm
an0322,AN0322,,-74.911583,40.63525,54.76,NJDEP - Freshwater & Biological Monitoring,www.state.nj.us/dep/wms/bfbm/,Mike.Kusmiesz@dep.nj.gov,River/Stream,NJ DEP,Raw,njdep,bfbm
an0428,AN0428,Raritan River Bakelite Park Fieldville Damn,-74.512611,40.540888,3.72,NJDEP - Freshwater & Biological Monitoring,www.state.nj.us/dep/wms/bfbm/,Mike.Kusmiesz@dep.nj.gov,River/Stream,NJ DEP,Raw,njdep,bfbm
an0475,AN0475,Hockhockson Bk Hockhockson Rd,-74.121527,40.290027,14.43,NJDEP - Freshwater & Biological Monitoring,www.state.nj.us/dep/wms/bfbm/,Mike.Kusmiesz@dep.nj.gov,River/Stream,NJ DEP,Raw,njdep,bfbm
an0520,AN0520,Unnamed Trib To Toms River Rt 528,-74.343888,40.111972,31.28,NJDEP - Freshwater & Biological Monitoring,www.state.nj.us/dep/wms/bfbm/,Mike.Kusmiesz@dep.nj.gov,River/Stream,NJ DEP,Raw,njdep,bfbm
an0521,AN0521,Maple Root Br Bowman Rd,-74.327139,40.081251,24.27,NJDEP - Freshwater & Biological Monitoring,www.state.nj.us/dep/wms/bfbm/,Mike.Kusmiesz@dep.nj.gov,River/Stream,NJ DEP,Raw,njdep,bfbm
an0522,AN0522,Dove Mill Br Grawtown Rd,-74.291166,40.069111,19.92,NJDEP - Freshwater & Biological Monitoring,www.state.nj.us/dep/wms/bfbm/,Mike.Kusmiesz@dep.nj.gov,River/Stream,NJ DEP,Raw,njdep,bfbm
an0551,AN0551,N Branch Forked River Power Lines Upstream Gsp,-74.22497,39.858722,7.92,NJDEP - Freshwater & Biological Monitoring,www.state.nj.us/dep/wms/bfbm/,Mike.Kusmiesz@dep.nj.gov,River/Stream,NJ DEP,Raw,njdep,bfbm
an0562,AN0562,Mullica River Burnt House Rd Shamong Township,-74.757111,39.743055,14.92,NJDEP - Freshwater & Biological Monitoring,www.state.nj.us/dep/wms/bfbm/,Mike.Kusmiesz@dep.nj.gov,River/Stream,NJ DEP,Raw,njdep,bfbm
an0597,AN0597,Shoal Br Jones Mill Rd,-74.508557,39.776472,23.94,NJDEP - Freshwater & Biological Monitoring,www.state.nj.us/dep/wms/bfbm/,Mike.Kusmiesz@dep.nj.gov,River/Stream,NJ DEP,Raw,njdep,bfbm
an0605,AN0605,Papoose Br Jenkins Rd,-74.452284,39.742383,19.82,NJDEP - Freshwater & Biological Monitoring,www.state.nj.us/dep/wms/bfbm/,Mike.Kusmiesz@dep.nj.gov,River/Stream,NJ DEP,Raw,njdep,bfbm
an0649,AN0649,Tuckahoe River Rt 49 Hunters Mill,-74.86125,39.323888,6.73,NJDEP - Freshwater & Biological Monitoring,www.state.nj.us/dep/wms/bfbm/,Mike.Kusmiesz@dep.nj.gov,River/Stream,NJ DEP,Raw,njdep,bfbm
an0742,AN0742,Muddy Run Dutch Row Rd Rt 611 Otlt Elmer Lake,-75.164638,39.58889,30.77,NJDEP - Freshwater & Biological Monitoring,www.state.nj.us/dep/wms/bfbm/,Mike.Kusmiesz@dep.nj.gov,River/Stream,NJ DEP,Raw,njdep,bfbm
an0753,AN0753,Mill Ck off Rt 552 Union Lake Wma,-75.085639,39.426,11.70,NJDEP - Freshwater & Biological Monitoring,www.state.nj.us/dep/wms/bfbm/,Mike.Kusmiesz@dep.nj.gov,River/Stream,NJ DEP,Raw,njdep,bfbm
an0759,AN0759,Manantico Ck Hance Bridge Rd Rt 673,-74.956082,39.4505,18.54,NJDEP - Freshwater & Biological Monitoring,www.state.nj.us/dep/wms/bfbm/,Mike.Kusmiesz@dep.nj.gov,River/Stream,NJ DEP,Raw,njdep,bfbm
bb04a,BB04a,Barnegat Bay near Mouth of The Toms River,-74.14069,39.93289,0.00,NJDEP - Marine Water Monitoring,http://www.nj.gov/dep/bmw/,Leigh.Lager@dep.nj.gov,Estuary,NJ DEP,Raw,njdep,bmw
bb07a,BB07a,Barnegat Bay Below Oyster Creek,-74.157117,39.801286,0.00,NJDEP - Marine Water Monitoring,http://www.nj.gov/dep/bmw/,Leigh.Lager@dep.nj.gov,Estuary,NJ DEP,Raw,njdep,bmw
bb10,BB10,Barnegat Bay By Route 72 Bridge,-74.20653,39.66095,0.00,NJDEP - Marine Water Monitoring,http://www.nj.gov/dep/bmw/,Leigh.Lager@dep.nj.gov,Estuary,NJ DEP,Raw,njdep,bmw
bb14,BB14,Little Egg Harbor Inlet near Beach Haven Heights,-74.29737,39.51123,0.00,NJDEP - Marine Water Monitoring,http://www.nj.gov/dep/bmw/,Leigh.Lager@dep.nj.gov,Estuary,NJ DEP,Raw,njdep,bmw
bfbm000059,BFBM000059,Scotland Run on Route 47,-75.063788,39.596643,26.38,NJDEP - Freshwater & Biological Monitoring,www.state.nj.us/dep/wms/bfbm/,Mike.Kusmiesz@dep.nj.gov,River/Stream,NJ DEP,Raw,njdep,bfbm
bfbm000145,BFBM000145,Mantua Creek off Blackwood Barnsboro Street,-75.132915,39.77017,4.64,NJDEP - Freshwater & Biological Monitoring,www.state.nj.us/dep/wms/bfbm/,Mike.Kusmiesz@dep.nj.gov,River/Stream,NJ DEP,Raw,njdep,bfbm
bfbm000169,BFBM000169,Whippany River at Lake Valley Road,-74.497329,40.812571,95.00,NJDEP - Freshwater & Biological Monitoring,www.state.nj.us/dep/wms/bfbm/,Mike.Kusmiesz@dep.nj.gov,River/Stream,NJ DEP,Raw,njdep,bfbm
bfbm000170,BFBM000170,Rockaway River at off Blackwell Road,-74.565705,40.885146,173.51,NJDEP - Freshwater & Biological Monitoring,www.state.nj.us/dep/wms/bfbm/,Mike.Kusmiesz@dep.nj.gov,River/Stream,NJ DEP,Raw,njdep,bfbm
bfbm000171,BFBM000171,Rockaway River at off Morris Road,-74.41355,40.903005,116.47,NJDEP - Freshwater & Biological Monitoring,www.state.nj.us/dep/wms/bfbm/,Mike.Kusmiesz@dep.nj.gov,River/Stream,NJ DEP,Raw,njdep,bfbm
bfbm000172,BFBM000172,Pacack Brook at off Canistear Reservoir Road,-74.493654,41.105226,311.09,NJDEP - Freshwater & Biological Monitoring,www.state.nj.us/dep/wms/bfbm/,Mike.Kusmiesz@dep.nj.gov,River/Stream,NJ DEP,Raw,njdep,bfbm
bfbm000174,BFBM000174,Green Brook at off Valley Road,-74.40509,40.667764,60.41,NJDEP - Freshwater & Biological Monitoring,www.state.nj.us/dep/wms/bfbm/,Mike.Kusmiesz@dep.nj.gov,River/Stream,NJ DEP,Raw,njdep,bfbm
bfbm000176,BFBM000176,Paulins Kill at Garrison Road,-74.695183,41.076144,171.22,NJDEP - Freshwater & Biological Monitoring,www.state.nj.us/dep/wms/bfbm/,Mike.Kusmiesz@dep.nj.gov,River/Stream,NJ DEP,Raw,njdep,bfbm
bfbm000177,BFBM000177,Paulins Kill at Parsons Road,-74.782277,41.083365,138.47,NJDEP - Freshwater & Biological Monitoring,www.state.nj.us/dep/wms/bfbm/,Mike.Kusmiesz@dep.nj.gov,River/Stream,NJ DEP,Raw,njdep,bfbm
bfbm000178,BFBM000178,South Branch Metedeconk River at Hope Chapel Road,-74.244766,40.103705,15.40,NJDEP - Freshwater & Biological Monitoring,www.state.nj.us/dep/wms/bfbm/,Mike.Kusmiesz@dep.nj.gov,River/Stream,NJ DEP,Raw,njdep,bfbm
bfbm000179,BFBM000179,Wawayanda Creek Unt at Cannistear Road,-74.456746,41.180918,357.08,NJDEP - Freshwater & Biological Monitoring,www.state.nj.us/dep/wms/bfbm/,Mike.Kusmiesz@dep.nj.gov,River/Stream,NJ DEP,Raw,njdep,bfbm
bfbm000180,BFBM000180,Penns Brook at Childs Rd,-74.558176,40.72131,105.40,NJDEP - Freshwater & Biological Monitoring,www.state.nj.us/dep/wms/bfbm/,Mike.Kusmiesz@dep.nj.gov,River/Stream,NJ DEP,Raw,njdep,bfbm
bfbm000181,BFBM000181,Russia Bk,-74.535769,41.025182,254.74,NJDEP - Freshwater & Biological Monitoring,www.state.nj.us/dep/wms/bfbm/,Mike.Kusmiesz@dep.nj.gov,River/Stream,NJ DEP,Raw,njdep,bfbm
bfbm000184,BFBM000184,Ghost Pony Brook,-74.735209,40.951557,231.69,NJDEP - Freshwater & Biological Monitoring,www.state.nj.us/dep/wms/bfbm/,Mike.Kusmiesz@dep.nj.gov,River/Stream,NJ DEP,Raw,njdep,bfbm
bfbm000185,BFBM000185,Glenwood Brook,-74.478103,41.251453,124.54,NJDEP - Freshwater & Biological Monitoring,www.state.nj.us/dep/wms/bfbm/,Mike.Kusmiesz@dep.nj.gov,River/Stream,NJ DEP,Raw,njdep,bfbm
bfbm000186,BFBM000186,Hibernia Bk,-74.486845,40.930673,158.97,NJDEP - Freshwater & Biological Monitoring,www.state.nj.us/dep/wms/bfbm/,Mike.Kusmiesz@dep.nj.gov,River/Stream,NJ DEP,Raw,njdep,bfbm
bfbm000189,BFBM000189,Havemayer Brook (Ramapo R Trib),-74.184115,41.088641,78.62,NJDEP - Freshwater & Biological Monitoring,www.state.nj.us/dep/wms/bfbm/,Mike.Kusmiesz@dep.nj.gov,River/Stream,NJ DEP,Raw,njdep,bfbm
bfbm000190,BFBM000190,Bear Swamp Bk,-74.209985,41.067656,75.77,NJDEP - Freshwater & Biological Monitoring,www.state.nj.us/dep/wms/bfbm/,Mike.Kusmiesz@dep.nj.gov,River/Stream,NJ DEP,Raw,njdep,bfbm
bfbm000191,BFBM000191,Green Pond Brook,-74.582066,40.916371,207.99,NJDEP - Freshwater & Biological Monitoring,www.state.nj.us/dep/wms/bfbm/,Mike.Kusmiesz@dep.nj.gov,River/Stream,NJ DEP,Raw,njdep,bfbm
bfbm000207,BFBM000207,Alexauken Ck Upstream Cr 601,-74.90094,40.396764,53.31,NJDEP - Freshwater & Biological Monitoring,www.state.nj.us/dep/wms/bfbm/,Mike.Kusmiesz@dep.nj.gov,River/Stream,NJ DEP,Raw,njdep,bfbm
bfbm000208,BFBM000208,Alexauken Ck East of 605 Downstream From Amwell Lake,-74.914335,40.403687,37.82,NJDEP - Freshwater & Biological Monitoring,www.state.nj.us/dep/wms/bfbm/,Mike.Kusmiesz@dep.nj.gov,River/Stream,NJ DEP,Raw,njdep,bfbm
bfbm000209,BFBM000209,Alexauken Ck Left Trib on Cr 605,-74.91113,40.40268,38.50,NJDEP - Freshwater & Biological Monitoring,www.state.nj.us/dep/wms/bfbm/,Mike.Kusmiesz@dep.nj.gov,River/Stream,NJ DEP,Raw,njdep,bfbm
bfbm000210,BFBM000210,Alexauen Ck on Hamp Rd,-74.926891,40.397416,30.08,NJDEP - Freshwater & Biological Monitoring,www.state.nj.us/dep/wms/bfbm/,Mike.Kusmiesz@dep.nj.gov,River/Stream,NJ DEP,Raw,njdep,bfbm
bfbm000211,BFBM000211,Shimers Bk at New Rd,-74.747003,41.299767,226.52,NJDEP - Freshwater & Biological Monitoring,www.state.nj.us/dep/wms/bfbm/,Mike.Kusmiesz@dep.nj.gov,River/Stream,NJ DEP,Raw,njdep,bfbm
bfbm000216,BFBM000216,Dunnfield Creek at Dunnfield,-75.126444,40.973974,109.78,NJDEP - Freshwater & Biological Monitoring,www.state.nj.us/dep/wms/bfbm/,Mike.Kusmiesz@dep.nj.gov,River/Stream,NJ DEP,Raw,njdep,bfbm
bfbm000219,BFBM000219,Sb Raritan R,-74.82777,40.747751,146.62,NJDEP - Freshwater & Biological Monitoring,www.state.nj.us/dep/wms/bfbm/,Mike.Kusmiesz@dep.nj.gov,River/Stream,NJ DEP,Raw,njdep,bfbm
bfbm000220,BFBM000220,Nbr Raritan River at Roxiticus Road In Mendham NJ,-74.63511,40.760099,105.16,NJDEP - Freshwater & Biological Monitoring,www.state.nj.us/dep/wms/bfbm/,Mike.Kusmiesz@dep.nj.gov,River/Stream,NJ DEP,Raw,njdep,bfbm
bfbm000236,BFBM000236,Great Egg Harbor River at 8th Street,-74.822201,39.575746,13.38,NJDEP - Freshwater & Biological Monitoring,www.state.nj.us/dep/wms/bfbm/,Mike.Kusmiesz@dep.nj.gov,River/Stream,NJ DEP,Raw,njdep,bfbm
bfbm000237,BFBM000237,Black Run Bog,-74.897191,39.844527,22.77,NJDEP - Freshwater & Biological Monitoring,www.state.nj.us/dep/wms/bfbm/,Mike.Kusmiesz@dep.nj.gov,River/Stream,NJ DEP,Raw,njdep,bfbm
bfbm000241,BFBM000241,Passaic River Above Indian Grove Bk off Hardscrabble Rd,-74.54871426,40.74600365,96.98,NJDEP - Freshwater & Biological Monitoring,www.state.nj.us/dep/wms/bfbm/,Mike.Kusmiesz@dep.nj.gov,River/Stream,NJ DEP,Raw,njdep,bfbm
bfbm000242,BFBM000242,Buckhorn Ck at Roxburg Station Rd,-75.10484729,40.7820966,89.84,NJDEP - Freshwater & Biological Monitoring,www.state.nj.us/dep/wms/bfbm/,Mike.Kusmiesz@dep.nj.gov,River/Stream,NJ DEP,Raw,njdep,bfbm
fibi048,FIBI048,Buckhorn Creek on Reeder Rd,-75.11952378,40.77253451,75.26,NJDEP - Freshwater & Biological Monitoring,www.state.nj.us/dep/wms/bfbm/,Mike.Kusmiesz@dep.nj.gov,River/Stream,NJ DEP,Raw,njdep,bfbm
fibi074,FIBI074,Whippany River at Whitehead Rd,-74.52998661,40.79679973,98.89,NJDEP - Freshwater & Biological Monitoring,www.state.nj.us/dep/wms/bfbm/,Mike.Kusmiesz@dep.nj.gov,River/Stream,NJ DEP,Raw,njdep,bfbm
fibi095,FIBI095,Passaic River on Hardscrabble Rd (#166),-74.54891461,40.74072338,89.19,NJDEP - Freshwater & Biological Monitoring,www.state.nj.us/dep/wms/bfbm/,Mike.Kusmiesz@dep.nj.gov,River/Stream,NJ DEP,Raw,njdep,bfbm
fibi096a,FIBI096A,Wanaque River on East Shore Rd,-74.31716389,41.16367424,175.89,NJDEP - Freshwater & Biological Monitoring,www.state.nj.us/dep/wms/bfbm/,Mike.Kusmiesz@dep.nj.gov,River/Stream,NJ DEP,Raw,njdep,bfbm
geh,GEH,Great Egg Harbor Bay,-74.56917,39.2969399,0.00,NJDEP - Marine Water Monitoring,http://www.nj.gov/dep/bmw/,Leigh.Lager@dep.nj.gov,Estuary,NJ DEP,Raw,njdep,bmw
lksbay,LKSBAY,Lakes Bay,-74.50528,39.3449999,0.00,NJDEP - Marine Water Monitoring,http://www.nj.gov/dep/bmw/,Leigh.Lager@dep.nj.gov,Estuary,NJ DEP,Raw,njdep,bmw
sb-1,SB-1,S Br Raritan R at Hamden Rd,-74.908902,40.611903,49.18,NJDEP - Freshwater & Biological Monitoring,www.state.nj.us/dep/wms/bfbm/,Mike.Kusmiesz@dep.nj.gov,River/Stream,NJ DEP,Raw,njdep,bfbm
sl,SL,Sunset Lake,-74.8565104,38.9754935,0.00,NJDEP - Marine Water Monitoring,http://www.nj.gov/dep/bmw/,Leigh.Lager@dep.nj.gov,Estuary,NJ DEP,Raw,njdep,bmw
