Parameter,Parameter Name,Parameter Units,Parameter Field Name,Status,Comment
temperature,Temperature,Celsius,Temperature,raw,Clermont
air_pressure,Air Pressure,psi,Air_Pressure,raw,EPA ORD
air_temperature,Air Temperature,Fahrenheit,Air_Temperature,raw,EPA ORD
conductivity,Conductivity,us/cm,Conductivity,raw,EPA ORD
dissolved_oxygen,Dissolved Oxygen,mg/L,Dissolved_Oxygen,raw,EPA ORD
flow,Flow,gpm,Flow,raw,EPA ORD
humidity,Humidity,%,Humidity,raw,EPA ORD
light,Light,tbd,Light,raw,EPA ORD
light_1,Light 1,tbd,Light_1,raw,EPA ORD
light_2,Light 2,tbd,Light_2,raw,EPA ORD
light_3,Light 3,tbd,Light_3,raw,EPA ORD
orp,Oxidation Reduction Potential,mV,Oxidation_Reduction_Potential,raw,EPA ORD
ph,pH,su,pH,raw,EPA ORD
precipitation,Precipitation,count,Precipitation,raw,EPA ORD
tap_flow,Tap Flow,gpm,Tap_Flow,raw,EPA ORD
turbidity,Turbidity,ntu,Turbidity,raw,EPA ORD
specific_conductance,Specific Conductance,mS/cm,Specific_Conductance,raw,NJDEP
salinity,Salinity,ppt,Salinity,raw,NJDEP
do_pct,DO percent,%,DO_percent,raw,NJDEP
do_charge,DO Charge,n/a,DO_Charge,raw,NJDEP
chlorophyll,Chlorophyll,ug/L,Chlorophyll,raw,NJDEP
